Energy_keV,Counts
0.1,1317
1.076990718124084,1212
2.053981436248168,1251
3.0309721543722525,1227
4.0079628724963365,1126
4.98495359062042,1138
5.9619443087445045,1085
6.938935026868588,1042
7.9159257449926725,1016
8.892916463116757,1030
9.86990718124084,1031
10.846897899364924,965
11.82388861748901,960
12.800879335613093,982
13.777870053737177,956
14.754860771861262,943
15.731851489985345,875
16.70884220810943,888
17.685832926233516,900
18.662823644357598,875
19.639814362481683,872
20.61680508060577,854
21.59379579872985,837
22.570786516853936,844
23.54777723497802,793
24.524767953102103,851
25.501758671226188,858
26.478749389350273,798
27.455740107474355,804
28.43273082559844,776
29.409721543722526,791
30.386712261846608,846
31.363702979970693,759
32.340693698094775,764
33.31768441621886,746
34.294675134342945,776
35.27166585246703,782
36.248656570591116,714
37.225647288715194,736
38.20263800683928,786
39.179628724963365,714
40.15661944308745,746
41.133610161211536,698
42.11060087933562,742
43.0875915974597,735
44.064582315583785,736
45.04157303370787,756
46.018563751831955,723
46.99555446995604,722
47.972545188080126,752
48.949535906204204,652
49.92652662432829,705
50.903517342452375,687
51.88050806057646,649
52.857498778700545,684
53.83448949682463,698
54.81148021494871,698
55.788470933072794,701
56.76546165119688,660
57.742452369320965,661
58.71944308744505,641
59.696433805569136,649
60.673424523693214,659
61.6504152418173,696
62.627405959941385,640
63.60439667806547,598
64.58138739618954,651
65.55837811431363,640
66.53536883243771,655
67.5123595505618,674
68.48935026868588,635
69.46634098680997,677
70.44333170493405,656
71.42032242305814,671
72.39731314118222,695
73.37430385930631,604
74.35129457743038,583
75.32828529555447,626
76.30527601367855,647
77.28226673180264,594
78.25925744992672,642
79.2362481680508,603
80.21323888617489,600
81.19022960429898,646
82.16722032242306,611
83.14421104054715,605
84.12120175867123,616
85.09819247679532,628
86.07518319491939,638
87.05217391304348,613
88.02916463116756,604
89.00615534929165,584
89.98314606741573,596
90.96013678553982,587
91.9371275036639,574
92.91411822178799,583
93.89110893991207,613
94.86809965803616,612
95.84509037616024,585
96.82208109428431,577
97.7990718124084,531
98.77606253053249,577
99.75305324865657,606
100.73004396678066,618
101.70703468490474,582
102.68402540302883,600
103.66101612115291,585
104.638006839277,560
105.61499755740108,637
106.59198827552517,584
107.56897899364925,596
108.54596971177332,592
109.52296042989741,605
110.4999511480215,622
111.47694186614558,622
112.45393258426967,617
113.43092330239375,597
114.40791402051784,629
115.38490473864192,593
116.361895456766,642
117.33888617489009,631
118.31587689301418,612
119.29286761113826,631
120.26985832926233,602
121.24684904738642,631
122.2238397655105,613
123.20083048363459,629
124.17782120175868,626
125.15481191988276,615
126.13180263800685,618
127.10879335613093,620
128.08578407425503,627
129.0627747923791,702
130.03976551050317,641
131.01675622862726,701
131.99374694675134,623
132.97073766487543,759
133.94772838299951,647
134.9247191011236,636
135.90170981924769,694
136.87870053737177,707
137.85569125549586,714
138.83268197361994,687
139.80967269174403,756
140.7866634098681,753
141.7636541279922,717
142.74064484611628,739
143.71763556424037,736
144.69462628236445,703
145.67161700048854,714
146.64860771861262,705
147.6255984367367,741
148.60258915486077,776
149.57957987298485,808
150.55657059110894,830
151.53356130923302,854
152.5105520273571,850
153.4875427454812,862
154.46453346360528,899
155.44152418172936,866
156.41851489985345,947
157.39550561797753,867
158.37249633610162,929
159.3494870542257,916
160.3264777723498,919
161.30346849047388,967
162.28045920859796,1042
163.25744992672205,929
164.23444064484613,951
165.21143136297022,1005
166.1884220810943,1076
167.1654127992184,1026
168.14240351734247,1052
169.11939423546656,1039
170.09638495359064,1122
171.0733756717147,1019
172.05036638983879,1064
173.02735710796287,1112
174.00434782608696,1090
174.98133854421104,1103
175.95832926233513,1178
176.9353199804592,1128
177.9123106985833,1192
178.88930141670738,1226
179.86629213483147,1249
180.84328285295555,1182
181.82027357107964,1181
182.79726428920372,1195
183.7742550073278,1267
184.7512457254519,1279
185.72823644357598,1326
186.70522716170007,1245
187.68221787982415,1329
188.65920859794824,1325
189.63619931607232,1302
190.6131900341964,1246
191.5901807523205,1387
192.56717147044458,1351
193.54416218856863,1370
194.52115290669272,1383
195.4981436248168,1407
196.4751343429409,1332
197.45212506106498,1437
198.42911577918906,1448
199.40610649731315,1459
200.38309721543723,1446
201.36008793356132,1448
202.3370786516854,1488
203.3140693698095,1623
204.29106008793357,1504
205.26805080605766,1553
206.24504152418174,1540
207.22203224230583,1609
208.19902296042991,1584
209.176013678554,1609
210.15300439667809,1680
211.12999511480217,1627
212.10698583292626,1617
213.08397655105034,1644
214.06096726917443,1668
215.0379579872985,1625
216.0149487054226,1674
216.99193942354665,1660
217.96893014167074,1678
218.94592085979482,1726
219.9229115779189,1717
220.899902296043,1698
221.87689301416708,1801
222.85388373229117,1789
223.83087445041525,1771
224.80786516853934,1850
225.78485588666342,1858
226.7618466047875,1807
227.7388373229116,1884
228.71582804103568,1858
229.69281875915976,1932
230.66980947728385,1943
231.64680019540793,1824
232.62379091353202,1993
233.6007816316561,1818
234.5777723497802,1904
235.55476306790428,1975
236.53175378602836,1956
237.50874450415245,1950
238.48573522227653,1917
239.4627259404006,2043
240.43971665852467,2019
241.41670737664876,1993
242.39369809477284,1984
243.37068881289693,2000
244.34767953102102,1963
245.3246702491451,2050
246.30166096726919,2110
247.27865168539327,2101
248.25564240351736,2080
249.23263312164144,2112
250.20962383976553,2076
251.1866145578896,2096
252.1636052760137,2105
253.14059599413778,2166
254.11758671226187,2078
255.09457743038595,2116
256.07156814851004,2007
257.04855886663415,2170
258.0255495847582,2170
259.0025403028823,2175
259.9795310210064,2130
260.9565217391305,2213
261.93351245725455,2146
262.91050317537866,2162
263.8874938935027,2125
264.86448461162684,2160
265.8414753297509,2108
266.818466047875,2170
267.79545676599906,2145
268.7724474841232,2115
269.74943820224723,2178
270.72642892037135,2169
271.7034196384954,2205
272.6804103566195,2194
273.6574010747436,2161
274.63439179286763,2178
275.61138251099175,2150
276.5883732291158,2183
277.5653639472399,2104
278.542354665364,2128
279.5193453834881,2206
280.49633610161214,2199
281.47332681973626,2164
282.4503175378603,2158
283.4273082559844,2147
284.4042989741085,2109
285.3812896922326,2226
286.35828041035666,2179
287.33527112848077,2097
288.3122618466048,2135
289.28925256472894,2178
290.266243282853,2184
291.2432340009771,2165
292.22022471910117,2178
293.1972154372253,2180
294.17420615534934,2150
295.15119687347345,2171
296.1281875915975,2140
297.10517830972157,2096
298.0821690278457,2042
299.05915974596974,2190
300.03615046409385,2154
301.0131411822179,2100
301.990131900342,2022
302.9671226184661,2095
303.9441133365902,2168
304.92110405471425,2093
305.89809477283836,2012
306.8750854909624,2135
307.85207620908653,2139
308.8290669272106,1999
309.8060576453347,2034
310.78304836345876,2082
311.7600390815829,2057
312.73702979970693,2003
313.71402051783105,2017
314.6910112359551,2050
315.6680019540792,1951
316.6449926722033,1982
317.6219833903274,2050
318.59897410845144,2016
319.5759648265755,1908
320.5529555446996,1990
321.52994626282367,1937
322.5069369809478,1998
323.48392769907184,1923
324.46091841719596,1912
325.43790913532,1885
326.4148998534441,1934
327.3918905715682,1942
328.3688812896923,1976
329.34587200781635,1892
330.32286272594047,1899
331.2998534440645,1920
332.27684416218864,1897
333.2538348803127,1834
334.2308255984368,1901
335.20781631656087,1798
336.184807034685,1787
337.16179775280904,1796
338.13878847093315,1857
339.1157791890572,1806
340.0927699071813,1841
341.0697606253054,1763
342.04675134342943,1716
343.02374206155355,1764
344.0007327796776,1734
344.9777234978017,1683
345.9547142159258,1729
346.9317049340499,1584
347.90869565217395,1660
348.88568637029806,1631
349.8626770884221,1570
350.83966780654623,1652
351.8166585246703,1567
352.7936492427944,1508
353.77063996091846,1566
354.7476306790426,1520
355.72462139716663,1536
356.70161211529074,1525
357.6786028334148,1547
358.6555935515389,1448
359.63258426966297,1460
360.6095749877871,1444
361.58656570591114,1423
362.56355642403526,1369
363.5405471421593,1349
364.51753786028337,1370
365.4945285784075,1318
366.47151929653154,1398
367.44851001465565,1310
368.4255007327797,1318
369.4024914509038,1303
370.3794821690279,1252
371.356472887152,1303
372.33346360527605,1236
373.31045432340017,1245
374.2874450415242,1243
375.26443575964834,1180
376.2414264777724,1145
377.2184171958965,1196
378.19540791402056,1088
379.1723986321447,1091
380.14938935026873,1092
381.12638006839285,1077
382.1033707865169,1064
383.080361504641,994
384.0573522227651,1006
385.0343429408892,971
386.01133365901325,991
386.9883243771373,1026
387.9653150952614,955
388.9423058133855,883
389.9192965315096,891
390.89628724963364,837
391.87327796775776,827
392.8502686858818,806
393.82725940400593,852
394.80425012213,812
395.7812408402541,787
396.75823155837816,792
397.73522227650227,770
398.7122129946263,780
399.68920371275044,706
400.6661944308745,704
401.6431851489986,744
402.62017586712267,629
403.5971665852468,639
404.57415730337084,644
405.55114802149495,627
406.528138739619,628
407.5051294577431,593
408.4821201758672,592
409.45911089399124,585
410.43610161211535,552
411.4130923302394,574
412.3900830483635,562
413.3670737664876,550
414.3440644846117,541
415.32105520273575,480
416.29804592085986,499
417.2750366389839,467
418.25202735710803,463
419.2290180752321,509
420.2060087933562,421
421.18299951148026,478
422.1599902296044,424
423.13698094772843,428
424.11397166585255,468
425.0909623839766,452
426.0679531021007,396
427.0449438202248,442
428.0219345383489,402
428.99892525647294,398
429.97591597459706,475
430.9529066927211,395
431.92989741084523,380
432.9068881289693,399
433.88387884709334,402
434.86086956521746,358
435.8378602833415,371
436.8148510014656,360
437.7918417195897,363
438.7688324377138,349
439.74582315583785,375
440.72281387396197,351
441.699804592086,342
442.67679531021014,362
443.6537860283342,325
444.6307767464583,344
445.60776746458237,323
446.5847581827065,336
447.56174890083054,292
448.53873961895465,347
449.5157303370787,334
450.4927210552028,303
451.4697117733269,339
452.446702491451,320
453.42369320957505,316
454.40068392769916,338
455.3776746458232,323
456.3546653639473,332
457.3316560820714,317
458.30864680019545,306
459.28563751831956,294
460.2626282364436,321
461.23961895456773,317
462.2166096726918,282
463.1936003908159,289
464.17059110893996,296
465.1475818270641,305
466.12457254518813,313
467.10156326331224,293
468.0785539814363,269
469.0555446995604,299
470.03253541768447,322
471.0095261358086,272
471.98651685393264,305
472.96350757205676,331
473.9404982901808,284
474.9174890083049,302
475.894479726429,308
476.8714704445531,278
477.84846116267715,289
478.8254518808012,296
479.8024425989253,326
480.7794333170494,297
481.7564240351735,319
482.73341475329755,313
483.71040547142167,312
484.6873961895457,314
485.66438690766984,335
486.6413776257939,345
487.618368343918,319
488.59535906204206,298
489.5723497801662,296
490.54934049829023,306
491.52633121641435,321
492.5033219345384,301
493.4803126526625,305
494.4573033707866,295
495.4342940889107,302
496.41128480703475,316
497.38827552515886,321
498.3652662432829,332
499.34225696140703,318
500.3192476795311,361
501.29623839765515,321
502.27322911577926,345
503.2502198339033,362
504.22721055202743,363
505.2042012701515,379
506.1811919882756,364
507.15818270639966,372
508.13517342452377,400
509.1121641426478,358
510.08915486077194,350
511.066145578896,351
512.04313629702,351
513.0201270151442,414
513.9971177332683,401
514.9741084513923,380
515.9510991695164,419
516.9280898876406,384
517.9050806057646,440
518.8820713238887,387
519.8590620420127,420
520.8360527601369,397
521.813043478261,465
522.790034196385,419
523.7670249145091,460
524.7440156326331,474
525.7210063507573,480
526.6979970688814,486
527.6749877870054,482
528.6519785051295,504
529.6289692232536,505
530.6059599413777,514
531.5829506595018,490
532.5599413776258,546
533.53693209575,553
534.513922813874,536
535.4909135319981,610
536.4679042501222,584
537.4448949682463,569
538.4218856863704,592
539.3988764044944,588
540.3758671226185,679
541.3528578407427,609
542.3298485588667,668
543.3068392769908,624
544.2838299951148,680
545.260820713239,662
546.2378114313631,676
547.2148021494871,718
548.1917928676112,719
549.1687835857352,707
550.1457743038594,744
551.1227650219835,770
552.0997557401075,785
553.0767464582316,772
554.0537371763558,803
555.0307278944798,835
556.0077186126039,823
556.9847093307279,837
557.9617000488521,849
558.9386907669762,875
559.9156814851002,907
560.8926722032243,943
561.8696629213484,886
562.8466536394725,965
563.8236443575965,936
564.8006350757206,960
565.7776257938448,1043
566.7546165119688,1029
567.7316072300929,1036
568.708597948217,1071
569.685588666341,1035
570.6625793844652,1091
571.6395701025892,1085
572.6165608207133,1095
573.5935515388373,1163
574.5705422569615,1189
575.5475329750856,1191
576.5245236932096,1183
577.5015144113337,1207
578.4785051294579,1185
579.4554958475819,1267
580.432486565706,1233
581.40947728383,1293
582.3864680019542,1264
583.3634587200783,1220
584.3404494382023,1269
585.3174401563264,1311
586.2944308744505,1296
587.2714215925746,1316
588.2484123106987,1376
589.2254030288227,1350
590.2023937469469,1406
591.1793844650709,1355
592.156375183195,1379
593.133365901319,1448
594.1103566194431,1405
595.0873473375673,1366
596.0643380556913,1457
597.0413287738154,1428
598.0183194919395,1447
598.9953102100636,1383
599.9723009281877,1376
600.9492916463117,1494
601.9262823644358,1452
602.90327308256,1470
603.880263800684,1428
604.8572545188081,1474
605.8342452369321,1380
606.8112359550563,1474
607.7882266731804,1495
608.7652173913044,1412
609.7422081094285,1396
610.7191988275526,1434
611.6961895456767,1412
612.6731802638008,1449
613.6501709819248,1508
614.6271617000489,1428
615.604152418173,1485
616.5811431362971,1445
617.5581338544212,1493
618.5351245725452,1491
619.5121152906694,1349
620.4891060087934,1449
621.4660967269175,1386
622.4430874450416,1387
623.4200781631657,1420
624.3970688812898,1443
625.3740595994138,1399
626.3510503175379,1337
627.3280410356621,1348
628.3050317537861,1315
629.2820224719102,1311
630.2590131900342,1326
631.2360039081584,1291
632.2129946262825,1271
633.1899853444065,1299
634.1669760625306,1305
635.1439667806548,1238
636.1209574987788,1254
637.0979482169029,1265
638.0749389350269,1235
639.051929653151,1226
640.0289203712751,1208
641.0059110893992,1163
641.9829018075233,1168
642.9598925256473,1194
643.9368832437715,1141
644.9138739618955,1143
645.8908646800196,1131
646.8678553981437,1039
647.8448461162678,1124
648.8218368343919,1057
649.798827552516,1008
650.77581827064,999
651.7528089887642,1006
652.7297997068882,961
653.7067904250123,978
654.6837811431363,1006
655.6607718612605,992
656.6377625793846,942
657.6147532975086,922
658.5917440156327,891
659.5687347337567,892
660.5457254518809,875
661.522716170005,894
662.499706888129,830
663.4766976062531,774
664.4536883243773,808
665.4306790425013,826
666.4076697606254,785
667.3846604787494,774
668.3616511968736,743
669.3386419149977,798
670.3156326331217,731
671.2926233512458,745
672.2696140693699,723
673.246604787494,725
674.223595505618,733
675.2005862237421,654
676.1775769418663,694
677.1545676599903,619
678.1315583781144,680
679.1085490962384,688
680.0855398143626,609
681.0625305324867,583
682.0395212506107,621
683.0165119687348,636
683.9935026868588,566
684.970493404983,579
685.9474841231071,575
686.9244748412311,610
687.9014655593552,550
688.8784562774794,514
689.8554469956034,567
690.8324377137275,559
691.8094284318515,496
692.7864191499757,544
693.7634098680998,497
694.7404005862238,533
695.7173913043479,537
696.694382022472,540
697.6713727405961,496
698.6483634587202,507
699.6253541768442,523
700.6023448949684,508
701.5793356130924,552
702.5563263312165,495
703.5333170493406,503
704.5103077674647,497
705.4872984855888,490
706.4642892037128,497
707.4412799218369,497
708.418270639961,521
709.3952613580851,509
710.3722520762092,486
711.3492427943332,444
712.3262335124573,495
713.3032242305815,472
714.2802149487055,494
715.2572056668296,507
716.2341963849536,524
717.2111871030778,491
718.1881778212019,491
719.1651685393259,505
720.14215925745,493
721.1191499755741,484
722.0961406936982,507
723.0731314118223,520
724.0501221299463,520
725.0271128480705,506
726.0041035661945,507
726.9810942843186,538
727.9580850024427,533
728.9350757205667,591
729.9120664386909,562
730.8890571568149,562
731.866047874939,546
732.843038593063,513
733.8200293111872,553
734.7970200293113,522
735.7740107474353,526
736.7510014655594,550
737.7279921836836,537
738.7049829018076,528
739.6819736199317,562
740.6589643380557,520
741.6359550561799,528
742.612945774304,557
743.589936492428,519
744.5669272105521,583
745.5439179286763,518
746.5209086468003,572
747.4978993649244,553
748.4748900830484,581
749.4518808011726,607
750.4288715192966,622
751.4058622374207,565
752.3828529555448,591
753.3598436736688,610
754.336834391793,558
755.313825109917,593
756.2908158280411,605
757.2678065461652,613
758.2447972642893,636
759.2217879824134,537
760.1987787005374,605
761.1757694186615,590
762.1527601367857,607
763.1297508549097,583
764.1067415730338,633
765.0837322911578,617
766.060723009282,654
767.0377137274061,647
768.0147044455301,610
768.9916951636542,581
769.9686858817784,625
770.9456765999024,606
771.9226673180265,619
772.8996580361505,611
773.8766487542746,571
774.8536394723988,613
775.8306301905228,602
776.8076209086469,585
777.7846116267709,565
778.7616023448951,576
779.7385930630192,631
780.7155837811432,587
781.6925744992673,573
782.6695652173914,574
783.6465559355155,582
784.6235466536396,623
785.6005373717636,544
786.5775280898878,571
787.5545188080118,527
788.5315095261359,612
789.50850024426,556
790.4854909623841,523
791.4624816805082,515
792.4394723986322,567
793.4164631167563,539
794.3934538348805,531
795.3704445530045,539
796.3474352711286,523
797.3244259892526,552
798.3014167073767,548
799.2784074255009,524
800.2553981436249,509
801.232388861749,539
802.209379579873,516
803.1863702979972,503
804.1633610161213,523
805.1403517342453,509
806.1173424523694,513
807.0943331704935,517
808.0713238886176,515
809.0483146067417,510
810.0253053248657,511
811.0022960429899,504
811.9792867611139,441
812.956277479238,474
813.933268197362,459
814.9102589154862,469
815.8872496336103,428
816.8642403517343,446
817.8412310698584,455
818.8182217879825,482
819.7952125061066,451
820.7722032242307,415
821.7491939423547,485
822.7261846604788,433
823.703175378603,399
824.680166096727,435
825.6571568148511,405
826.6341475329751,444
827.6111382510993,411
828.5881289692234,446
829.5651196873474,415
830.5421104054715,449
831.5191011235956,409
832.4960918417197,446
833.4730825598438,433
834.4500732779678,415
835.427063996092,378
836.404054714216,403
837.3810454323401,408
838.3580361504642,404
839.3350268685883,361
840.3120175867124,421
841.2890083048364,389
842.2659990229605,389
843.2429897410846,394
844.2199804592087,402
845.1969711773328,402
846.1739618954568,409
847.1509526135809,382
848.1279433317051,405
849.1049340498291,409
850.0819247679532,418
851.0589154860772,396
852.0359062042014,331
853.0128969223255,381
853.9898876404495,365
854.9668783585736,404
855.9438690766978,398
856.9208597948218,410
857.8978505129459,384
858.8748412310699,414
859.8518319491941,395
860.8288226673181,434
861.8058133854422,390
862.7828041035663,389
863.7597948216904,409
864.7367855398145,412
865.7137762579385,417
866.6907669760626,402
867.6677576941867,390
868.6447484123108,407
869.6217391304349,390
870.598729848559,395
871.575720566683,414
872.5527112848072,413
873.5297020029312,431
874.5066927210553,417
875.4836834391793,406
876.4606741573035,407
877.4376648754276,423
878.4146555935516,416
879.3916463116757,413
880.3686370297999,458
881.3456277479239,454
882.322618466048,412
883.299609184172,462
884.2765999022962,441
885.2535906204203,477
886.2305813385443,447
887.2075720566684,414
888.1845627747924,465
889.1615534929166,415
890.1385442110407,431
891.1155349291647,427
892.0925256472888,453
893.0695163654129,457
894.046507083537,487
895.023497801661,469
896.0004885197851,488
896.9774792379093,466
897.9544699560333,465
898.9314606741574,477
899.9084513922814,485
900.8854421104056,435
901.8624328285297,486
902.8394235466537,483
903.8164142647778,484
904.793404982902,455
905.770395701026,492
906.7473864191501,479
907.7243771372741,521
908.7013678553983,511
909.6783585735224,533
910.6553492916464,549
911.6323400097705,544
912.6093307278945,530
913.5863214460187,525
914.5633121641428,497
915.5403028822668,518
916.5172936003909,566
917.494284318515,566
918.4712750366391,507
919.4482657547632,508
920.4252564728872,538
921.4022471910114,522
922.3792379091354,548
923.3562286272595,510
924.3332193453836,510
925.3102100635077,511
926.2872007816318,548
927.2641914997558,553
928.2411822178799,549
929.2181729360041,494
930.1951636541281,585
931.1721543722522,523
932.1491450903762,528
933.1261358085003,553
934.1031265266245,547
935.0801172447485,590
936.0571079628726,523
937.0340986809966,530
938.0110893991208,537
938.9880801172449,543
939.9650708353689,534
940.942061553493,553
941.9190522716171,511
942.8960429897412,538
943.8730337078653,542
944.8500244259893,530
945.8270151441135,535
946.8040058622375,523
947.7809965803616,514
948.7579872984857,566
949.7349780166098,522
950.7119687347339,539
951.688959452858,488
952.665950170982,551
953.6429408891062,485
954.6199316072302,538
955.5969223253543,521
956.5739130434783,489
957.5509037616024,496
958.5278944797266,507
959.5048851978506,510
960.4818759159747,511
961.4588666340987,495
962.4358573522229,462
963.412848070347,484
964.389838788471,494
965.3668295065951,503
966.3438202247193,483
967.3208109428433,460
968.2978016609674,483
969.2747923790914,459
970.2517830972156,496
971.2287738153397,456
972.2057645334637,467
973.1827552515878,462
974.1597459697119,497
975.136736687836,440
976.11372740596,448
977.0907181240841,460
978.0677088422082,402
979.0446995603323,437
980.0216902784564,433
980.9986809965804,434
981.9756717147045,404
982.9526624328287,409
983.9296531509527,427
984.9066438690768,441
985.8836345872008,418
986.860625305325,429
987.8376160234491,384
988.8146067415731,418
989.7915974596972,384
990.7685881778214,392
991.7455788959454,377
992.7225696140695,398
993.6995603321935,416
994.6765510503177,376
995.6535417684418,398
996.6305324865658,378
997.6075232046899,373
998.584513922814,313
999.5615046409381,328
1000.5384953590622,370
1001.5154860771862,377
1002.4924767953103,326
1003.4694675134344,358
1004.4464582315585,374
1005.4234489496826,338
1006.4004396678066,363
1007.3774303859308,363
1008.3544211040548,392
1009.3314118221789,298
1010.308402540303,355
1011.2853932584271,330
1012.2623839765512,383
1013.2393746946752,348
1014.2163654127993,348
1015.1933561309235,344
1016.1703468490475,336
1017.1473375671716,348
1018.1243282852956,328
1019.1013190034198,338
1020.0783097215439,352
1021.0553004396679,315
1022.032291157792,339
1023.0092818759161,351
1023.9862725940402,322
1024.9632633121641,300
1025.9402540302883,310
1026.9172447484123,331
1027.8942354665364,333
1028.8712261846604,328
1029.8482169027845,346
1030.8252076209087,328
1031.8021983390327,306
1032.7791890571568,322
1033.756179775281,279
1034.733170493405,311
1035.710161211529,301
1036.687151929653,297
1037.6641426477772,343
1038.6411333659014,336
1039.6181240840253,297
1040.5951148021495,317
1041.5721055202737,327
1042.5490962383976,343
1043.5260869565218,307
1044.5030776746457,287
1045.48006839277,314
1046.457059110894,306
1047.434049829018,312
1048.4110405471422,361
1049.3880312652661,341
1050.3650219833903,315
1051.3420127015145,336
1052.3190034196384,344
1053.2959941377626,307
1054.2729848558868,344
1055.2499755740107,359
1056.2269662921349,365
1057.2039570102588,378
1058.180947728383,347
1059.1579384465072,334
1060.134929164631,344
1061.1119198827553,355
1062.0889106008794,367
1063.0659013190034,353
1064.0428920371276,355
1065.0198827552515,337
1065.9968734733757,348
1066.9738641914998,364
1067.9508549096238,375
1068.927845627748,370
1069.904836345872,376
1070.881827063996,384
1071.8588177821202,381
1072.8358085002442,372
1073.8127992183684,415
1074.7897899364925,369
1075.7667806546165,361
1076.7437713727406,383
1077.7207620908646,396
1078.6977528089888,371
1079.674743527113,397
1080.6517342452369,387
1081.628724963361,413
1082.6057156814852,401
1083.5827063996092,393
1084.5596971177333,389
1085.5366878358573,394
1086.5136785539814,406
1087.4906692721056,411
1088.4676599902295,419
1089.4446507083537,390
1090.421641426478,421
1091.3986321446018,442
1092.375622862726,431
1093.35261358085,419
1094.3296042989741,443
1095.3065950170983,407
1096.2835857352222,457
1097.2605764533464,467
1098.2375671714703,425
1099.2145578895945,449
1100.1915486077187,420
1101.1685393258426,425
1102.1455300439668,428
1103.122520762091,459
1104.099511480215,418
1105.076502198339,483
1106.053492916463,447
1107.0304836345872,454
1108.0074743527114,466
1108.9844650708353,476
1109.9614557889595,468
1110.9384465070837,436
1111.9154372252076,481
1112.8924279433318,433
1113.8694186614557,452
1114.8464093795799,425
1115.823400097704,477
1116.800390815828,470
1117.7773815339522,463
1118.754372252076,479
1119.7313629702003,446
1120.7083536883245,443
1121.6853444064484,472
1122.6623351245726,454
1123.6393258426967,485
1124.6163165608207,435
1125.5933072789448,464
1126.5702979970688,432
1127.547288715193,477
1128.5242794333171,493
1129.501270151441,465
1130.4782608695652,439
1131.4552515876894,495
1132.4322423058134,469
1133.4092330239375,508
1134.3862237420615,489
1135.3632144601856,451
1136.3402051783098,507
1137.3171958964338,460
1138.294186614558,457
1139.2711773326819,488
1140.248168050806,448
1141.2251587689302,469
1142.2021494870542,472
1143.1791402051783,495
1144.1561309233025,520
1145.1331216414264,467
1146.1101123595506,451
1147.0871030776746,467
1148.0640937957987,493
1149.041084513923,440
1150.0180752320468,460
1150.995065950171,417
1151.9720566682952,469
1152.9490473864191,454
1153.9260381045433,470
1154.9030288226672,479
1155.8800195407914,451
1156.8570102589156,496
1157.8340009770395,476
1158.8109916951637,477
1159.7879824132876,433
1160.7649731314118,443
1161.741963849536,453
1162.71895456766,456
1163.695945285784,435
1164.6729360039083,485
1165.6499267220322,513
1166.6269174401564,464
1167.6039081582803,490
1168.5808988764045,475
1169.5578895945287,481
1170.5348803126526,464
1171.5118710307768,456
1172.488861748901,433
1173.465852467025,415
1174.442843185149,442
1175.419833903273,458
1176.3968246213972,445
1177.3738153395213,491
1178.3508060576453,457
1179.3277967757695,449
1180.3047874938936,445
1181.2817782120176,444
1182.2587689301417,440
1183.2357596482657,424
1184.2127503663899,442
1185.189741084514,483
1186.166731802638,445
1187.1437225207621,432
1188.120713238886,469
1189.0977039570103,460
1190.0746946751344,468
1191.0516853932584,475
1192.0286761113825,430
1193.0056668295067,431
1193.9826575476307,440
1194.9596482657548,455
1195.9366389838788,481
1196.913629702003,427
1197.890620420127,458
1198.867611138251,463
1199.8446018563752,459
1200.8215925744994,443
1201.7985832926233,472
1202.7755740107475,469
1203.7525647288714,431
1204.7295554469956,476
1205.7065461651198,433
1206.6835368832437,419
1207.660527601368,487
1208.6375183194918,488
1209.614509037616,434
1210.5914997557402,460
1211.5684904738641,419
1212.5454811919883,453
1213.5224719101125,458
1214.4994626282364,450
1215.4764533463606,445
1216.4534440644845,467
1217.4304347826087,434
1218.4074255007329,442
1219.3844162188568,475
1220.361406936981,476
1221.3383976551052,455
1222.315388373229,465
1223.2923790913533,449
1224.2693698094772,431
1225.2463605276014,458
1226.2233512457256,446
1227.2003419638495,484
1228.1773326819737,483
1229.1543234000976,488
1230.1313141182218,401
1231.108304836346,478
1232.08529555447,447
1233.062286272594,431
1234.0392769907182,451
1235.0162677088422,449
1235.9932584269663,498
1236.9702491450903,422
1237.9472398632145,473
1238.9242305813386,481
1239.9012212994626,476
1240.8782120175867,472
1241.855202735711,416
1242.8321934538349,451
1243.809184171959,435
1244.786174890083,470
1245.7631656082071,479
1246.7401563263313,476
1247.7171470444553,440
1248.6941377625794,447
1249.6711284807036,448
1250.6481191988275,474
1251.6251099169517,434
1252.6021006350757,423
1253.5790913531998,474
1254.556082071324,464
1255.533072789448,455
1256.510063507572,460
1257.487054225696,493
1258.4640449438202,428
1259.4410356619444,469
1260.4180263800683,419
1261.3950170981925,422
1262.3720078163167,431
1263.3489985344406,428
1264.3259892525648,436
1265.3029799706887,461
1266.279970688813,437
1267.256961406937,433
1268.233952125061,432
1269.2109428431852,415
1270.1879335613094,402
1271.1649242794333,407
1272.1419149975575,461
1273.1189057156814,403
1274.0958964338056,399
1275.0728871519298,445
1276.0498778700537,466
1277.0268685881779,377
1278.0038593063018,427
1278.980850024426,422
1279.9578407425502,411
1280.934831460674,401
1281.9118221787983,414
1282.8888128969224,420
1283.8658036150464,431
1284.8427943331706,412
1285.8197850512945,416
1286.7967757694187,417
1287.7737664875428,443
1288.7507572056668,399
1289.727747923791,415
1290.7047386419151,443
1291.681729360039,407
1292.6587200781632,363
1293.6357107962872,410
1294.6127015144114,420
1295.5896922325355,425
1296.5666829506595,425
1297.5436736687836,404
1298.5206643869076,405
1299.4976551050318,418
1300.474645823156,400
1301.4516365412799,437
1302.428627259404,416
1303.4056179775282,383
1304.3826086956522,420
1305.3595994137763,402
1306.3365901319003,437
1307.3135808500244,409
1308.2905715681486,415
1309.2675622862726,411
1310.2445530043967,418
1311.221543722521,372
1312.1985344406448,384
1313.175525158769,382
1314.152515876893,362
1315.1295065950171,410
1316.1064973131413,413
1317.0834880312652,392
1318.0604787493894,415
1319.0374694675133,428
1320.0144601856375,416
1320.9914509037617,405
1321.9684416218856,418
1322.9454323400098,396
1323.922423058134,396
1324.899413776258,404
1325.876404494382,461
1326.853395212506,389
1327.8303859306302,418
1328.8073766487544,387
1329.7843673668783,434
1330.7613580850025,412
1331.7383488031267,376
1332.7153395212506,446
1333.6923302393748,367
1334.6693209574987,409
1335.6463116756229,419
1336.623302393747,410
1337.600293111871,400
1338.5772838299952,427
1339.5542745481193,433
1340.5312652662433,420
1341.5082559843675,397
1342.4852467024914,433
1343.4622374206156,433
1344.4392281387397,442
1345.4162188568637,394
1346.3932095749878,414
1347.3702002931118,422
1348.347191011236,446
1349.3241817293601,450
1350.301172447484,411
1351.2781631656082,458
1352.2551538837324,460
1353.2321446018564,460
1354.2091353199805,420
1355.1861260381045,431
1356.1631167562286,462
1357.1401074743528,446
1358.1170981924768,443
1359.094088910601,487
1360.071079628725,464
1361.048070346849,463
1362.0250610649732,472
1363.0020517830972,477
1363.9790425012213,476
1364.9560332193455,491
1365.9330239374694,509
1366.9100146555936,456
1367.8870053737176,504
1368.8639960918417,535
1369.840986809966,481
1370.8179775280898,512
1371.794968246214,535
1372.7719589643382,531
1373.7489496824621,518
1374.7259404005863,549
1375.7029311187102,553
1376.6799218368344,517
1377.6569125549586,500
1378.6339032730825,509
1379.6108939912067,523
1380.5878847093309,533
1381.5648754274548,554
1382.541866145579,535
1383.518856863703,572
1384.495847581827,575
1385.4728382999513,588
1386.4498290180752,556
1387.4268197361994,601
1388.4038104543233,554
1389.3808011724475,561
1390.3577918905717,600
1391.3347826086956,589
1392.3117733268198,590
1393.288764044944,553
1394.265754763068,535
1395.242745481192,613
1396.219736199316,527
1397.1967269174402,620
1398.1737176355643,595
1399.1507083536883,675
1400.1276990718125,669
1401.1046897899366,616
1402.0816805080606,576
1403.0586712261847,591
1404.0356619443087,630
1405.0126526624329,651
1405.989643380557,628
1406.966634098681,600
1407.9436248168051,634
1408.9206155349293,661
1409.8976062530533,672
1410.8745969711774,661
1411.8515876893014,666
1412.8285784074255,668
1413.8055691255497,628
1414.7825598436737,679
1415.7595505617978,665
1416.7365412799218,670
1417.713531998046,679
1418.69052271617,706
1419.667513434294,656
1420.6445041524182,693
1421.6214948705424,685
1422.5984855886663,699
1423.5754763067905,696
1424.5524670249144,685
1425.5294577430386,669
1426.5064484611628,730
1427.4834391792867,686
1428.460429897411,716
1429.437420615535,719
1430.414411333659,685
1431.3914020517832,698
1432.3683927699071,741
1433.3453834880313,707
1434.3223742061555,730
1435.2993649242794,712
1436.2763556424036,754
1437.2533463605275,695
1438.2303370786517,648
1439.2073277967759,717
1440.1843185148998,723
1441.161309233024,738
1442.1382999511482,746
1443.115290669272,758
1444.0922813873963,711
1445.0692721055202,721
1446.0462628236444,676
1447.0232535417686,736
1448.0002442598925,681
1448.9772349780167,721
1449.9542256961408,714
1450.9312164142648,728
1451.908207132389,756
1452.885197850513,725
1453.862188568637,745
1454.8391792867612,713
1455.8161700048852,755
1456.7931607230094,715
1457.7701514411333,702
1458.7471421592575,727
1459.7241328773816,754
1460.7011235955056,733
1461.6781143136297,713
1462.655105031754,744
1463.6320957498779,734
1464.609086468002,750
1465.586077186126,729
1466.5630679042501,657
1467.5400586223743,716
1468.5170493404983,642
1469.4940400586224,687
1470.4710307767466,680
1471.4480214948705,660
1472.4250122129947,688
1473.4020029311187,707
1474.3789936492428,723
1475.355984367367,679
1476.332975085491,655
1477.3099658036151,650
1478.286956521739,684
1479.2639472398632,686
1480.2409379579874,643
1481.2179286761113,659
1482.1949193942355,639
1483.1719101123597,608
1484.1489008304836,633
1485.1258915486078,684
1486.1028822667317,678
1487.079872984856,661
1488.05686370298,656
1489.033854421104,604
1490.0108451392282,620
1490.9878358573524,598
1491.9648265754763,648
1492.9418172936005,615
1493.9188080117244,593
1494.8957987298486,653
1495.8727894479728,563
1496.8497801660967,596
1497.8267708842209,617
1498.803761602345,570
1499.780752320469,591
1500.7577430385932,561
1501.734733756717,534
1502.7117244748413,563
1503.6887151929654,626
1504.6657059110894,572
1505.6426966292136,606
1506.6196873473375,552
1507.5966780654617,523
1508.5736687835858,523
1509.5506595017098,557
1510.527650219834,490
1511.5046409379581,513
1512.481631656082,498
1513.4586223742062,515
1514.4356130923302,505
1515.4126038104544,513
1516.3895945285785,509
1517.3665852467025,479
1518.3435759648266,480
1519.3205666829508,484
1520.2975574010748,487
1521.274548119199,459
1522.2515388373229,478
1523.228529555447,488
1524.2055202735712,453
1525.1825109916952,463
1526.1595017098193,439
1527.1364924279433,432
1528.1134831460674,478
1529.0904738641916,419
1530.0674645823156,447
1531.0444553004397,427
1532.021446018564,434
1532.9984367366878,460
1533.975427454812,424
1534.952418172936,428
1535.9294088910601,426
1536.9063996091843,434
1537.8833903273082,412
1538.8603810454324,412
1539.8373717635566,406
1540.8143624816805,351
1541.7913531998047,382
1542.7683439179286,353
1543.7453346360528,415
1544.722325354177,376
1545.699316072301,345
1546.676306790425,376
1547.653297508549,354
1548.6302882266732,332
1549.6072789447974,331
1550.5842696629213,354
1551.5612603810455,314
1552.5382510991697,362
1553.5152418172936,320
1554.4922325354178,327
1555.4692232535417,291
1556.4462139716659,329
1557.42320468979,333
1558.400195407914,305
1559.3771861260382,304
1560.3541768441623,300
1561.3311675622863,303
1562.3081582804105,298
1563.2851489985344,294
1564.2621397166586,308
1565.2391304347827,312
1566.2161211529067,276
1567.1931118710309,289
1568.170102589155,307
1569.147093307279,303
1570.1240840254031,279
1571.101074743527,278
1572.0780654616512,292
1573.0550561797754,288
1574.0320468978994,292
1575.0090376160235,271
1575.9860283341475,286
1576.9630190522716,257
1577.9400097703958,266
1578.9170004885198,281
1579.893991206644,266
1580.870981924768,281
1581.847972642892,270
1582.8249633610162,255
1583.8019540791402,269
1584.7789447972643,250
1585.7559355153885,229
1586.7329262335124,234
1587.7099169516366,269
1588.6869076697608,242
1589.6638983878847,242
1590.640889106009,246
1591.6178798241328,244
1592.594870542257,251
1593.5718612603812,262
1594.5488519785051,240
1595.5258426966293,258
1596.5028334147532,260
1597.4798241328774,242
1598.4568148510016,243
1599.4338055691255,232
1600.4107962872497,234
1601.3877870053739,260
1602.3647777234978,234
1603.341768441622,263
1604.318759159746,250
1605.29574987787,245
1606.2727405959943,263
1607.2497313141182,260
1608.2267220322424,266
1609.2037127503665,245
1610.1807034684905,258
1611.1576941866147,231
1612.1346849047386,275
1613.1116756228628,269
1614.088666340987,292
1615.065657059111,269
1616.042647777235,269
1617.019638495359,268
1617.9966292134832,287
1618.9736199316073,280
1619.9506106497313,257
1620.9276013678555,307
1621.9045920859796,268
1622.8815828041036,288
1623.8585735222277,299
1624.8355642403517,294
1625.8125549584759,270
1626.7895456766,283
1627.766536394724,279
1628.7435271128481,299
1629.7205178309723,311
1630.6975085490963,324
1631.6744992672204,269
1632.6514899853444,283
1633.6284807034685,309
1634.6054714215927,304
1635.5824621397167,336
1636.5594528578408,320
1637.5364435759648,364
1638.513434294089,350
1639.490425012213,345
1640.467415730337,341
1641.4444064484612,366
1642.4213971665854,311
1643.3983878847093,336
1644.3753786028335,374
1645.3523693209575,354
1646.3293600390816,360
1647.3063507572058,352
1648.2833414753297,357
1649.260332193454,444
1650.237322911578,376
1651.214313629702,398
1652.1913043478262,417
1653.1682950659501,406
1654.1452857840743,412
1655.1222765021985,410
1656.0992672203224,426
1657.0762579384466,445
1658.0532486565708,446
1659.0302393746947,441
1660.0072300928189,491
1660.9842208109428,461
1661.961211529067,437
1662.9382022471912,505
1663.915192965315,500
1664.8921836834393,460
1665.8691744015632,489
1666.8461651196874,524
1667.8231558378116,496
1668.8001465559355,489
1669.7771372740597,519
1670.7541279921838,511
1671.7311187103078,544
1672.708109428432,547
1673.685100146556,560
1674.66209086468,548
1675.6390815828042,611
1676.6160723009282,578
1677.5930630190524,561
1678.5700537371765,588
1679.5470444553005,585
1680.5240351734246,586
1681.5010258915486,585
1682.4780166096727,628
1683.455007327797,676
1684.4319980459209,616
1685.408988764045,613
1686.385979482169,657
1687.3629702002931,645
1688.3399609184173,690
1689.3169516365413,662
1690.2939423546654,710
1691.2709330727896,678
1692.2479237909135,703
1693.2249145090377,737
1694.2019052271617,753
1695.1788959452858,745
1696.15588666341,761
1697.132877381534,712
1698.1098680996581,730
1699.0868588177823,781
1700.0638495359062,731
1701.0408402540304,775
1702.0178309721543,807
1702.9948216902785,761
1703.9718124084027,772
1704.9488031265266,822
1705.9257938446508,839
1706.9027845627747,827
1707.879775280899,832
1708.856765999023,815
1709.833756717147,891
1710.8107474352712,812
1711.7877381533954,850
1712.7647288715193,851
1713.7417195896435,907
1714.7187103077674,929
1715.6957010258916,872
1716.6726917440158,885
1717.6496824621397,935
1718.6266731802639,968
1719.603663898388,931
1720.580654616512,966
1721.5576453346362,985
1722.53463605276,971
1723.5116267708843,1005
1724.4886174890084,979
1725.4656082071324,974
1726.4425989252566,964
1727.4195896433807,991
1728.3965803615047,991
1729.3735710796288,1006
1730.3505617977528,1051
1731.327552515877,1017
1732.3045432340011,1012
1733.281533952125,1033
1734.2585246702492,1052
1735.2355153883732,1065
1736.2125061064974,1082
1737.1894968246215,1063
1738.1664875427455,1106
1739.1434782608696,1087
1740.1204689789938,1074
1741.0974596971178,1047
1742.074450415242,1095
1743.0514411333659,1099
1744.02843185149,1084
1745.0054225696142,1092
1745.9824132877382,1147
1746.9594040058623,1158
1747.9363947239865,1122
1748.9133854421104,1090
1749.8903761602346,1084
1750.8673668783586,1144
1751.8443575964827,1138
1752.821348314607,1109
1753.7983390327308,1090
1754.775329750855,1121
1755.752320468979,1119
1756.7293111871031,1089
1757.7063019052273,1114
1758.6832926233512,1118
1759.6602833414754,1092
1760.6372740595996,1115
1761.6142647777235,1096
1762.5912554958477,1160
1763.5682462139716,1067
1764.5452369320958,1193
1765.52222765022,1190
1766.499218368344,1183
1767.476209086468,1094
1768.4531998045923,1127
1769.4301905227162,1130
1770.4071812408404,1158
1771.3841719589643,1094
1772.3611626770885,1146
1773.3381533952127,1105
1774.3151441133366,1155
1775.2921348314608,1124
1776.2691255495847,1116
1777.2461162677089,1061
1778.223106985833,1085
1779.200097703957,1154
1780.1770884220812,1061
1781.1540791402053,1042
1782.1310698583293,1047
1783.1080605764535,1120
1784.0850512945774,1036
1785.0620420127016,1109
1786.0390327308257,1066
1787.0160234489497,1085
1787.9930141670739,1033
1788.970004885198,1079
1789.946995603322,1092
1790.9239863214461,1096
1791.90097703957,1059
1792.8779677576943,1101
1793.8549584758184,1054
1794.8319491939424,1013
1795.8089399120665,1066
1796.7859306301905,1024
1797.7629213483146,1073
1798.7399120664388,1021
1799.7169027845628,979
1800.693893502687,963
1801.670884220811,995
1802.647874938935,953
1803.6248656570592,1052
1804.6018563751832,953
1805.5788470933073,974
1806.5558378114315,924
1807.5328285295554,961
1808.5098192476796,951
1809.4868099658038,932
1810.4638006839277,947
1811.440791402052,875
1812.4177821201758,927
1813.3947728383,938
1814.3717635564242,890
1815.3487542745481,864
1816.3257449926723,936
1817.3027357107965,845
1818.2797264289204,852
1819.2567171470446,899
1820.2337078651685,839
1821.2106985832927,826
1822.1876893014169,818
1823.1646800195408,778
1824.141670737665,783
1825.118661455789,800
1826.095652173913,820
1827.0726428920373,714
1828.0496336101612,742
1829.0266243282854,764
1830.0036150464095,721
1830.9806057645335,804
1831.9575964826577,741
1832.9345872007816,700
1833.9115779189058,755
1834.88856863703,746
1835.865559355154,697
1836.842550073278,680
1837.8195407914022,656
1838.7965315095262,625
1839.7735222276503,690
1840.7505129457743,626
1841.7275036638985,649
1842.7044943820226,677
1843.6814851001466,692
1844.6584758182707,642
1845.6354665363947,599
1846.6124572545189,625
1847.589447972643,598
1848.566438690767,574
1849.5434294088911,596
1850.5204201270153,599
1851.4974108451393,523
1852.4744015632634,558
1853.4513922813874,529
1854.4283829995115,502
1855.4053737176357,542
1856.3823644357597,520
1857.3593551538838,534
1858.336345872008,529
1859.313336590132,533
1860.290327308256,491
1861.26731802638,477
1862.2443087445042,462
1863.2212994626284,491
1864.1982901807523,466
1865.1752808988765,467
1866.1522716170005,466
1867.1292623351246,414
1868.1062530532488,436
1869.0832437713727,411
1870.060234489497,442
1871.037225207621,463
1872.014215925745,429
1872.9912066438692,397
1873.9681973619931,420
1874.9451880801173,417
1875.9221787982415,423
1876.8991695163654,392
1877.8761602344896,399
1878.8531509526138,364
1879.8301416707377,404
1880.8071323888619,346
1881.7841231069858,356
1882.76111382511,377
1883.7381045432342,379
1884.715095261358,361
1885.6920859794823,366
1886.6690766976064,334
1887.6460674157304,322
1888.6230581338546,331
1889.6000488519785,324
1890.5770395701027,314
1891.5540302882268,320
1892.5310210063508,338
1893.508011724475,314
1894.485002442599,291
1895.461993160723,305
1896.4389838788472,303
1897.4159745969712,275
1898.3929653150954,308
1899.3699560332195,285
1900.3469467513435,316
1901.3239374694676,261
1902.3009281875916,284
1903.2779189057158,278
1904.25490962384,256
1905.2319003419639,243
1906.208891060088,262
1907.1858817782122,253
1908.1628724963361,260
1909.1398632144603,264
1910.1168539325843,264
1911.0938446507084,266
1912.0708353688326,219
1913.0478260869565,255
1914.0248168050807,245
1915.0018075232047,241
1915.9787982413288,219
1916.955788959453,227
1917.932779677577,239
1918.9097703957011,234
1919.8867611138253,223
1920.8637518319492,221
1921.8407425500734,246
1922.8177332681973,191
1923.7947239863215,219
1924.7717147044457,212
1925.7487054225696,215
1926.7256961406938,207
1927.702686858818,234
1928.679677576942,227
1929.656668295066,221
1930.63365901319,214
1931.6106497313142,181
1932.5876404494384,210
1933.5646311675623,202
1934.5416218856865,200
1935.5186126038104,203
1936.4956033219346,206
1937.4725940400588,188
1938.4495847581827,182
1939.4265754763069,217
1940.403566194431,190
1941.380556912555,219
1942.3575476306792,181
1943.334538348803,178
1944.3115290669273,190
1945.2885197850514,165
1946.2655105031754,201
1947.2425012212996,222
1948.2194919394237,184
1949.1964826575477,188
1950.1734733756718,173
1951.1504640937958,175
1952.12745481192,165
1953.1044455300441,187
1954.081436248168,222
1955.0584269662922,180
1956.0354176844162,185
1957.0124084025404,177
1957.9893991206645,164
1958.9663898387885,149
1959.9433805569126,172
1960.9203712750368,178
1961.8973619931608,194
1962.874352711285,180
1963.8513434294089,189
1964.828334147533,193
1965.8053248656572,183
1966.7823155837812,169
1967.7593063019053,172
1968.7362970200295,169
1969.7132877381534,165
1970.6902784562776,177
1971.6672691744016,194
1972.6442598925257,165
1973.62125061065,151
1974.5982413287738,159
1975.575232046898,193
1976.5522227650222,190
1977.5292134831461,177
1978.5062042012703,168
1979.4831949193942,171
1980.4601856375184,177
1981.4371763556426,162
1982.4141670737665,166
1983.3911577918907,185
1984.3681485100146,169
1985.3451392281388,173
1986.322129946263,159
1987.299120664387,166
1988.276111382511,180
1989.2531021006353,170
1990.2300928187592,173
1991.2070835368834,175
1992.1840742550073,161
1993.1610649731315,181
1994.1380556912557,158
1995.1150464093796,177
1996.0920371275038,195
1997.069027845628,159
1998.0460185637519,182
1999.023009281876,166
2000.0,200
